name,address,contact,email,areaOfWork,isBmcPartner,ward
Aadhar Samajik Vikas Seva Sahkar Sanstha,"29 , Sangram Nagar Kala Killa Dharavi Mumbai 400017",9821242437,aadharsamjikvikassevasahkarisa nstha@gmail.com,"Art & culture, Civic Issues, Education, Literacy and Environment.",true,SWM Department
Aadarsh Mahila Mandal,"Mukundrao Ambedkar Nagar, Aarey Dudh Vasshat Gat No. 32, Goregaon (East), Mumbai.",8097417059  / 9987775779,rajeshreedlakhan@gmail.com,"Upliftment of underprivileged women and children, empowering women and providing basic education.",true,SWM Department
Aarambh Shahar Star Sangh,"38/2763,Siddhivinayak Co Operative Society, Abhyudaya Nagar, Kalachowki,Mumbai 400033",9967464570,janhavi@456@gmail.com,"Women Empowerment,  Livelihood",true,F South Ward
Aarambh Vasti Star Sangh,Gauri Shankar Wadi 1-2 Panth Nagar Ghatkopar,9867842377,info@aarambh.org,Education,true,AC Planning
Abhilasha Foundation,"Laxmi Chhaya Bunglow, Plot No. 27-27, Rsc 11, Gorai 2, Borivali West Mumbai, Maharashtra",9769986440,info@abhilasha-foundation.org,Poverty Alleviation - 1. Orphanages 2. Senior Citizens Care- Old Age Homes 3. Women Welfare,false,Not working with BMC
Action Aid Association,"Flat No 15, B Wing,Kastur Mahal, Sion Circle East, Mumbai",8668445145,roshan.gajbhiye@actionaid.org,"Social And Ecological Justice, Engaged With The Most Marginalized Communities and strive for Equality,  Fraternity and Liberty For All.",true,Education Department
Adani Foundation,"6th Floor, Maker Chambers III, Nariman Point, Mumbai � 400021 (Main Headquarter is in Gujarat)",9029321023,mahesh.jadhav@adanifoundati on.com,Education,true,Education Department
Adarsh Mahila Mandal,"Shiv Shakti Nagar, G. J Bhosle Marga, Nariman Point,  Colaba, Mumbai -21",7977292277,officeabhishekshinde@gmail.co m / bigshow@gmail.com,Social welfare / women empowerment / rural development work,true,SWM Department
Aditya Birla Education Academy,"4th Floor, Vastu Shilp Annexe, Gamadia Colony, Jd Road Tardeo, Mumbai , Maharashtra 400007",7900169444,abea.project@abet.co.in,Education,false,Not working with BMC
Aim Taekwondo & Education Center,"Adarsh samajik pratisthan Takshashila budha vihar roali camp sardar nagar 4 Lila Bai kasbe marg near fire brigade sion Koli wada, Sion Koliwada, Maharashtra - 400022",7039846654,aimfitnesstkd@gmail.com,Self Defence And Self Development,false,Not working with BMC
Akanksha Foundation,"The Akanksha Foundation Voltas Premises, Z Block Building, 2Nd Floor, T B Kadam Marg, Chinchpokli -East, Mumbai - 400 033",9821014918,natasha.bajaj@akanksha.org,Building High-Performing & Innovative Schools,true,Education Department
Akhil Bharatiya Vanvasi Kalyan Ashram,"Akhil Bharatiya Vanvasi Kalyan Ashram 35, Chanchal Smruti G.D. Ambekar Marg Wadala, Mumbai Maharashtra - 400031",8433915526 / 022- 24131969 / 022-49787039 / 2224129615,kalyanashram2010@gmail.com,Orphanages / Healthcare Education And Literacy,false,Not working with BMC
Akshaya Chaitanya(Hkm Charitable Foundation),"Akshaya Chaitanya Kitchen Jak Compound, Keshavrao Borker Marg, Byculla, Mumbai, Maharashtra 400027",7507526215,prathmesh@akshayachaitanya. org,Zero Class-Room Hunger For Secondary Grade And Pre-Primary Sections.,true,"Education Department  , Health Department"
Akshta Mahila Bachat Gat,"595, New Ashok Nagar, Cama Estate, W.E. Highway, Goregaon (East), Mumbai: 400 063.",9082244769 / 9137688969,babitamahakal@gmail.com,Women empowerment & Skill development,true,SWM Department
Ambalika Swayasahayata Bachat Gat,aif-info@americacares.org,8850903140/9322 856639,ambalikabachagat@gmail.com,"Financial inclusion, cooperative savings, women�s welfare",true,SWM Department
Americare India Foundation,"B-706, Mittal Commercia, Chimatpada, Off M V Road, Marol, Andheri East, Mumbai, Maharashtra 400059",9594999126,aif-info@americacares.org,"Anaemia Prevention, Detection And Treatment; Vision Defect Diagnosis And Providing Spectacle.",true,"Health Department , Education Department"
Americares,"B-706, Mittal Commercia, Chimatpada, Off M V Road, Marol, Andheri East, Mumbai, Maharashtra 400059",9867126135,aif-info@americares.org,Healthcare & Medical Relief,true,"Health Department , Education Department"
Americares Foundation,"Mittal Commercia, B-706, off Sir Mathuradas Vasanji Road, Chimatpada, Marol, Andheri East, Mumbai, Maharashtra 400059",9029082322,Not Specified,Screening Of Diabetes & Hypertension In Population,true,Education Department
Anant Mitr Mandal,"Marol, Andheri (East), Mumbai 400 059",9930341174,vishut116@gmail.com,"Community service, festivals, health camps, youth activities.",false,Not working with BMC
Animal Matter To Me,"Cts 166 / 167 Ashram,Madhmarve Rd, Malad West , Mumbai, Maharashtra 400061",8381828384 / 9920737737,getinvoled@amtmindia.org,Animal Welfare - 1. Animal Welfare & Rescue,false,Not working with BMC
Animal Rescue And Shelter Foundation,"3, Parth Chs, 8-A, Building R, Mmrda Colony, Poonam Nagar, Andheri East, Mumbai, Maharashtra 400093",9820277824,animalrescueandshekater@gma il.com,Animal Welfare - 1. Health Clinic 2. Adoption 3. Homeless Outreach,false,Not working with BMC
Anirudh�s Academy,"Aniruddha Disaster Management Sanstha, Flat No 601,Link Apartment ,Tts 3, Khari Village,Khar West",9869089027,contact@aniruddhaadm.com,Training to children,true,"Health and disaster dept h/west ,g/north,k/east"
Anjeze Charitable Trust,"Royal House Rehman Building, 1St Floor, 24 Veer Nariman Road, Fort, Mumbai � 400001, India.",919820139049,team@anjeze.org,Community Development - 1. Donating An Equipment 2. Service At Remand Homes 3. Funds For Emergency Treatment 4. Nutrition Support 5. Holistic Child Adoption,true,Health  Dept (SION AND KEM HOSPITAL)
Anjeze Charitable Trust,"Royal House,Rehman Building,1St Floor,24 Veer Nariman Road,Mumbai 400001",9820139049,team@anjeze.org,Poverty Alleviation - 1. Poverty Alleviation 2. Rural Development 3. Free Food Distribution,true,Health  Department (Sion and KEM Hospital)
Anjuman-E-Mufidulyatama,"11,Siddique Lane,Off.Mohd.Umer Rajjab Road.Masjid Jamil,Madanpura, Mumbai, Maharashtra 400008",9594578705,info@army.org.in,Education And Training - 1. Orphan 2. Distribution Of Monthly Ration And Clothes 3. Education 4. Empowerment Of  Women Through Industrial Home,false,Not working with BMC
Anjuman-E-Mufidulyatama,"Umar Building 11, Siddique Lane , Rajad Rd, Nagpada, Mandanpura, Mumbai, Maharashtra 400008",2223078705,info@amy.org.in,"Orphanages - Distribution Of Monthly Ration And Clothes To The Poor,  Education, Empowerment Of Women Through Industrial Home,  Community Hall For Functions, Computer Training Classes",false,Not working with BMC
RANGOONWALA INDIA TRUST FOUNDATION,"105�106 Sunrise, C-33 Shastri Nagar, Andheri West, Mumbai 400053",9833005603 / 918767728824 / 9322666691 / 919969464891 / 919987476786 / 918452980783,preetamathur3035@gmail.com,"Children's Rights , Community Development, Rural Development, Education, Environment, Health, Livelihood, Skill Development, Women Empowerment, Community-Based Organizations, Shelter Homes, Sustainable Development & Elderly Care",true,"Health  Department P/N,R/S,K/E,K/W,P/S"
Annamitra Foundation (formerly Food for Life),"Iskcon Chowpatty, 7Km Munshi Marg, Girgaon Chowpatty, Mumbai, Maharashtra 400007",9323111690,info@annamitra.org,"Poverty Alleviation - Hunger,  Food Insecurity And Free Food Distribution",true,EDUCATION  (A to T WARD)
Annapurna Mahila Seva Sanstha,"Sunder Nagari Gate, Lala Nigam Road, Colaba.",9221480263,annapurnassmahilasansatha@g mail.com,Women�s self-help & community welfare,true,SWM (A WARD)
Anniruddha Academy Of Disaster Management,Flat No 601 Link Appartment Tps 3 Khari Village Khar West Mumbai 52,9894509363 9702539472 9869089027,contact@aniruddhasadm.com,Disaster-Management Volunteers.,true,"Disaster  Department,   A to T Ward."
Ansh Seva Sanstha,"Hanuman Tekdi, Chawl  Committiee, W.H. Highway Road, Goregaon (East), Mumbai: 400 063.",9082736171 / 7977197842,ansh007borana7@gmail.com,Social work,true,SWM (P/SOUTH)
Apnalaya,"417-18, Mahinder Chambers Opp, Dukes Factory, Chembur East, Mumbai, Maharashtra 400071",9011935537,admin@apnalaya.org,"Works with the Urban Poor- Enabling Access To Basic Services,  Healthcare,  Education And Livelihood. Empowering Them To Help Themselves And Ensuring Provision Of Civic Entitlements Through Advocacy With The Government",true,HEALTH DEPT   M/EAST
Apne Aap Ngo,"1st Lane Khetwadi, 1st Floor, Municipal School, Near Alankar Cinema, Mumbai � 400004",9637791858,Not Specified,Health & Disability Support - health and rehabilitation for marginalized women.,false,Not working with BMC
Apni Shala Foundation,"61-C, Kamgar Nagar Rd, Near Saraswati Mahavidyalay, Kamgaar Nagar, Kurla, Mumbai, Maharashtra 400024",8451971453,mayuri@apnishala.org,Building Social And Emotional Competencies Among Individuals To Constructively Engage With Society And Have A Harmonious Co-Existence.,true,"Education Department (M East, M West &  L Ward)"
Arpan,"201-202, Atlanta Centre, Sonawala Rd, Opposite Corporate Annexe, Sonawala Industry Estate, Goregaon, Mumbai, Maharashtra 400063",9819051444,info@arpan.org.in,Building Social And Emotional Competencies Among Individuals To Constructively Engage With Society And Have A Harmonious Co-Existence.,true,Education Department L and P South Ward
Aseema Charitable Trust,"Aseema Charitable Trust, Ferndale, Flat No 102, 1St Floor, Plot No. 226, 12Th Road, Khar West, Mumbai � 400 052",2226407248,contact@aseema.org,Education,false,Not working with BMC
Asha Ek Hope Foundation,"402, Guruprabha Apartment, S. B. Road, Dadar West, Mumbai - 400028, Maharashtra, India",8104546479,ashaekhope@gmail.com,Health - 1.Specific Diseases-Functional Neurological Disorders 2.Healthcare 3.Other Services,true,G North Ward
Asha Kiran,"Nanda Kripa Shopping Centre, Glory Family Shop, 1/2, Near Uco Bank, Four Bunglows, Andheri West, Mumbai, Maharashtra 400053",9773821109,ashakiran.andheri@gmail.com,Child Welfare and Education,true,Health Department  K West
Asha Sadan,"Asha Sadan Marg, Umerkhadi, Mumbai, Maharashtra 400009",9967412584,ashasadanmswc@gmail.com,Providing a  Secure And Caring Home For The Children - Shelter,true,Health Department  B
Ashadeep Association,"Shakti Centre B-002, Cardinal Gracious Rd, Chakala, Andheri East, Mumbai 400099",2268525621,ashadeepassociation@gmail.co m,Poverty Alleviation - 1. Poverty Alleviation 2. Child Rights And Welfare 3. Orphanages,true,K East  Ward
Ashina Insitute For Autism,"Nityanad Marg, Muncipal School, Ground Floor, Opposite Garware Plastics, Sahar Rd, Koldongri, Andheri East, Mumbai, Maharashtra 400069",22-26845062,contact@autismconnect.com,Autism- Mental Health - Providing Information About Autism To Parents And Helping Them To Build A Better Life For Their Children,true,K East  Ward
Ashish Foundatin Ngo,"Bldg No 101 / 3 , Mayur Soc New Mahada Colony Ambedkar Nagar Mankhurd Mumbai      400 043",8080539791 / 8169579627,ashishfoundation1994@gmail.c om,Health - 1.Disability Support 2.Healthcare 3.Other Services,true,M East
Ashtavinayak  Seva Sanstha,"Khandwala Lane, Jain Mandir Rd, Pushpa Park, Malad East, Mumbai, Maharashtra 400097",9821243812,ashtavinayakgrp@gmail.com,"Community service, festivals, health camps, youth activities.",true,"Disaster Department,  C & D Ward"
Asmita Handicap Central,"Ajgaonkar Maidan, Western Express Highway, Jogeshwari East, Mumbai, Maharashtra 400060",7208479919,info@asmitatrust.org,Making Physically Challenged People Self Sufficient Through Skill Training And Development,false,Not working with BMC
At Angel Nest,"Police Camp Marol Andheri East, Marol, Andheri East, Mumbai, Maharashtra 400059",9819761300,info@thenestindia.com,"Orphanages - Shelter,  Food And Education For Orphaned Children",true,K East
Awaaz - Voice Of Stray Animals,Colaba -Mumbai,7900094345,Not Specified,Animal Welfare - 1. Animal Welfare & Rescue,false,Not working with BMC
Bal Asha Trust,"Anand Niketan Kgvm, Dr. Eljiah Moses Rd, Mahalakshmi, Mumbai, Maharashtra 400011",9930986400,info@balashatrust.org,"Orphanages - Orphanages,  Child Rights & Welfare Children Home,  Adoption,  Child Development Centre,  Poshan Program",true,Health Department  G South
Barefoot Edu Foundation,"Flat No. 302, Building No. D2, Indiabulls Golf City, Savroli, Khalapur, Raigarh, Maharashtra - 410202",9643773431,contact@barefootedu.com,"Every Child Has A Strong Foundation To Think,  Feel,  Dream And Drive A Meaningful Change",true,Education Department
Berojgar Janakalyan Sangari Seva Sahakari Sanstha,"Opp. Rani Baug, Byculla (E), Mumbai - 400027",9892856026,milindmane123@gmail.com,Employment generation,true,"Disaster Department,  E Ward"
Bgs Foundation,"Kurla West, Mumbai, Maharashtra 400070",(022) 26501312 / 7977386674 / 9594749817,info@bgsfoundation.org,"Provides Assistance to Animals, Environment and People based on their needs.",false,Not working with BMC
Bhavyata Foundation,"Chittaranjan Nagar Chs, D-5/35, Rajawadi,Chittaranjan Nagar, Vidya Vihar East, Ghatkopar,Mumbai,Maharashtra 400077",2221022241 / 9324168890,info@bhavyatafoundation.com,Skill training for unemployed youth,true,"Education Department  N Ward , K East, K West, H Ward, E Ward, L Ward, F South"
Bombay Natural History Society,"Hornbill House, Shahid  Bhagat Singh Rd, Opp. Lion Gate, Kala Ghoda, Fort, Mumbai, Maharashtra 400001",2222821811,info@bnhs.org,"Animal Welfare - 1. Enviornment Protection, Wildlife",true,A Ward
Bombay Panjrapole,"Panjrapole Gaushala Harkami Chawl Shop No.3 By, Near By Cawasji Patel Tank, Mumbai,Maharashtra 400004",2222425493,Not Specified,Animal Welfare - 1. Infirmary Dedicated To Taking Care Of Cows And Other Stray Animals 2. Rearing High Grade Gir Cows For Production Of Milk,true,C Ward
Brain Tumor Foundation,"1129, 11Th Floor, Homi Bhabha Block, Tata Memorial Centre, Dr. Ernest Borges Rd, Parel, Mumbai, Maharashtra 400012",2224177000,btf@braintumorfoundation.in,Improving the care and treatment to people with brain tumour and their families.,true,F South Ward
Bright Future,"Shop No. 105/111, Gala No. 8, Dr. E.Moses Road, Near Four Seasons Hotel, Worli, Mumbai, Maharashtra 400018",8452051505,info@brightfutureindia.org,"Community,  Local Government,  Educational Institutes",true,Health Department  Working With Bmc Health Department G South Ward
Bright Future,"Shashi Bhuvan, Flat No. 2, Jangal-Mangal Road, Near Saaz Cinema, Bhandup West, Mumbai, Maharashtra 400078",9930677510,info@brightfutureindia.org,"Community,  Local Government,  Educational Institutes",true,Health Department  Working With Bmc Health Department S Ward
C-40   Organisation,"Mantralaya, Main Building, Madam Cama Road, Churchgate, Mumbai 400 032",9766528899,eastnarayan@c40.org,Practical Advice For Cities about Tried-And-Tested Climate Solutions.,true,Environment Department (Head Office only)
CACR (Citizen Association For Child Right),"103, 1St Floor, Nahar And Seth Industrial Esatate, Chakala, Andheri East, Mumbai, Maharashtra 400099",9664504998,connect.cacr@gmail.com,"Education,  Hygine And Sanitation,  Nutrition, Gender Equality And Mental Health",true,"Health Department  H East , P South , P North, G South, N Ward .               SWM  K East, K West, L Ward  , Eduaction Department."
Cerebral Palsy Association Of India,"Windsor Bmc Library Building, Windsor Lane, C S T Road, Kalina, Santacruz East, Mumbai, Maharashtra 400098",90298 82662 / 98708 43937,hhw.multiplehandicapped@gm ail.com / cerebralpalsy1963@gmail.com,Health - 1.Specific Diseases-Cerebral Paisy 2.Health-Disability Support,true,Education  Department (H/East)
Child Help Foundation,"4/F1,35, Court Chambers,Near-Sndt Women College, New Marine Lines, Mumbai, Maharashtra 400020",2265352221 / 74004 90806 / +91 22 2811 8588 / +91 90290 10081,contact@childhelpfoundationin dia.org,"Education And Training - 1. Emergency Medical Support  2. Education 3. Water,  Sanitation And Hygiene 4. Gender Equality 5. Zero Hunger 6. Humanitarian Relif 7. Life On Land 8. Life Below Water",true,Heaith Department  (T Ward)
Child Vision And Education,"Office No. 23 C, Ng Park Bldg No 2, Rawalpada, Dahisar East, Mumbai, Maharashtra 400068",2228482370,"childvisioneducation999@gmail.com","Orphanages - Orphanage,  Girl Education, Farmer,  Gaushala,  Old Age Home,  Cancer Care,  Mentally Disable,  Education And Healthcare",true,Education and Health (R/ North)
Child Vision Foundation,"Office No. 317, 3Rd Floor, Swastik Chambers, Sion Trombay Rd, Opp Swastik Park, Chembur, Mumbai, Maharashtra 400071",9867764560,info@childvisionfoundation.org,Education And Training - 1. Education And Literacy 2. Child Rights And Welfare 3. Healthcare- Other Services,true,M/E Ward
Childrens Love Castles Trust,Bangalore,8951472747,info@cltindia.org,Access To Quality Education For All,false,Not working with BMC
Comitted Comunity Development,"Ground Floor, 42 Chapel Road, Bandra West, Mumbai, Maharashtra 400050",7219009633,contact@ccdtrust.org,"Child Protection,  Health And Nutrition, Youth Empowerment",false,Not working with BMC
Community Aid And Sponsorship Programme-Caspindia,"Shreyas Chambers, Gr. Floor, 175, Dr. D.N. Road, Mumbai 400001",9137628097,info@caspindia.org,Community Development - 1. Early Childhood Care And Development 2. Education Center For Primary School Children 3. Healthcare,false,Not working with BMC
Community Development Center;,"Lutheran Centre, Marve Road, Malad West, Mumbai, Maharashtra 400064",8080931173,cdcmubai1@gmail.com,"Education,  Medical,  Sports,  Vocational Training,  Feeding",false,Not working with BMC
Community Outreach Programme (Street Children),"Methodist Centre, 1St Floor 21 Ymce Road Mumbai Central, Mumbai, Maharashtra 400008",9137687006,info@corpindia.org,"Education,  Shelter,  Health And Nutrition",false,Not working with BMC
Compassion Charitable Trust,"Daya Vihar Ashram, Pathare Wadi, Opp. Bageecha Hotel, Malwani,Kharodi Village, Malad West, Mumbai, Maharashtra 400095",9869659017,johndayavihar@gmail.com,Education And Training - 1. Education Program 2. Helping The Widow And Orphans 3.Helping The Destitute 4. Health Initiative 5. Relief Work,false,Not working with BMC
Compassion Charitable Trust,"Vanashree Farm, Pathare Wadi, Opp. Bageecha Hotel, Marve Road, Malwani Village, Malad (W), Mumbai - 400095, Maharashtra, India",9869659017 / 7977603279,johndayavihar@gmail.com,Health - 1.Orphanages 2.Healthcare 3.Education And Literacy 4.Other Services,false,Not working with BMC
Compassion Charitable Trust,"Vanashree  Farm, Pathare Wadi, Opp. Bageecha Hotel, Marve Road, Malwani Village, Malad West, Mumbai, Maharashtra 400095",9869659017,johndayavihar@gamil.com,"Orphanages - Food,  Education And Shelter For Orphaned Children",false,Not working with BMC
Concern India Foundation,"3Rd Floor, Ador House, 6, K. Dubash Marg, Mumbai - 400 001",9833875941 / (022) 22855487 / 35121220,anna.joy@concernindia.org / concern@concernindia.org,Health - 1.Education And Literacy 2.Healthcare 3.Community Development,true,Education Department
Concern India Foundation,"3Rd Floor, Ador House,         6, K. Dubash Marg,         Mumbai - 400 001",(022) 22855487 / 35121220,concern@concernindia.org,"Community Development - Education, Healthcare,  Community Development",true,Education Department
Conservation Action Trust,"5, Sahakar Bhavan,1St Floor Lbs Road , Narayan Nagar , Ghatkopar West ,Next To Mahindra Park , Mumbai ,Maharashtra 400086",2225122422,Not Specified,Animal Welfare - 1. Animals- Wildlife 2. Forest Protection 3. Environment Protection,false,Not working with BMC
Coro (Committee Of Resource Organizations),"Sion Trombay Road, Chembur East, Mumbai - 400071 (Near Suman Nagar, Opposite Bezole Complex, Vijay Sales Showroom)",8652515818,info@coroindia.org,"Community Development - 1. Grassroots Leadership 2. Gender Sensitisation 3. Empowering Women 4. Water Scarcity 5 .Women,  Empowering And Advocating For Gender Equality And Women's Rights.",true,SWM Department
Daf Foundation,"No.4, Shraddha Building No.3 Chs, Off 90 Feet Rd, Thakur Complex, Kandivali East, Mumbai, Maharashtra 400101",9004671248,info@daf.foundation,Poverty Alleviation - 1. Women Welfare 2. Child Rights And Welfare 3. Free Healthcare,true,Disaster Management F North & F South
Daf Foundation,"Debabrata Auro Foundation, Shraddha Building No.3, Asha Nagar, Thakur Complex, Kandivali (East), Mumbai, 400101",9004671248,info@daf.foundation,Health - 1.Women Welfare 2.Child Rights And Welfare 3.Free Healthcare,true,Health Department
Demystifying Minds,"Sangh Chhaya Chs, Charkop Gaon, Kandivali West, Mumbai, Maharashtra 400067",8999316693,contact@demystifyingmindsbyx ama.com,Health - Mental Health,false,Not working with BMC
Desai Foundation Trust,"Manoj Industrial Premises Co-Op Society Ltd, B-4, G.D. Ambekar Rd, Shriram Imdusatrial Esatate, Sahakar Nagar, Wadala, Mumbai, Maharashtra 400031",2637238028,info@thedesaifoundation.org,Education And Training - 1. Heath 2. Livelihood 3. Menstrual Equity 4. Climate,false,Not working with BMC
Desai Foundation Trust,"B-4, Manoj Industrial Premises Co-Op Society Ltd, G.D. Ambedkar Marg, Wadala, Mumbai 400031",9510626639,info@desaifoundationtrust.org,Health - 1.Domestic Violence 2.Education And Literacy 3.Free Healthcare,false,Not working with BMC
Devraj Seva Sangh,"Dr. Babasaheb Ambedkar Nagar, Captain Prakash Peth Marg, Mumbai - 400 005.",9833160120,dev123waghela@gmail.com,"Community service, festivals, health camps, youth activities.",true,"SWM Department,  A Ward"
Dhanshree Mahila Bachat Gat,Sai Samarth Nagar Lions Club Balwadi Samor S.T Road Chembur,9082496498,Not Specified,"Women empowerment, self-help savings, income generation.",true,"SWM Department, M/W Ward"
Dharavi Diary,"5/B, Mahim � Sion Link Road, Nayanagar, Near Raheja Hospital, Mahim (West) 400016",9619333082,info@dharavidiary.org,Community Development - 1.Education & Innovation 2.Health & Environment 3.Women Empowerment 4.Humans Of Dharavi,false,Not working with BMC
Dharma Bharathi Mission,"Unit No, 913, Raheja Centre, Plot Mo. 214, Free Press Journal Marg, Nariman Point, Mumbai, Maharashtra 400021",9819108191,info@dbmindia.org,"Poverty Alleviation - 1. Hunger,  Food Insecurity 2. Vocational Training 3. Scholarships And Educational Awards",false,Not working with BMC
Dharma Bharati Mission,"9Th Floor, Raheja Centre, 913, Free Preass Journal Marg, Nariman Point, Mumbai, Maharashtra 400021",9819108191,info@dbmindia.org,"Education And Training - Hunger,  Food Insecurity,  Child Education,  Women's Empowerment,  & Generating Employment For The Underprivileged Section Of Society, Scholarships And Vocational Training",false,Not working with BMC
Divyam Mind Guiding Academy,"37-A, Kamgar Nagar Rd, Near Nandikeshwar Mandir, Kamgaar Nagar, Kurla, Mumbai, Maharashtra 400024",8369999593,admin@divyammga.org,"Autism- Mental Health - Autism,  ADHD, Epilepsy,  Dyslexia,  Downs Syndrome",false,Not working with BMC
Dmart Foundation,"Main Gate Rd, Iit Area, Powai, Mumbai, Maharashtra 400076",8928200305,onkar.kulkarni@dmartfoundati on.org,"Better Schools,  Brighter Future",true,"Education Department , Eastern & Western Suburb."
Dr. Ambedkar Nagar Mahila Vikas Samiti,"Dr. Babasaheb Ambedkar Nagar,Cup Parade,",9930413889,thikerthik@gmail.com,Women empowerment & Welfare,true,"SWM ,  A Ward"
Earth Brigade Foundation,"3Rd Floor, Shiv Ashish Commercial Complex, 305,19Th Rd , Above Bata Showroom,OppositeStarbucks, Chembur Gaothan, Chembur Mumbai Maharashtra 400071",9820228605,Director@earthbrigadefoundati on.com,"Works for wildlife conservation in India, street animal welfare and the empowerment of underprivileged women in rural areas.",false,Not working with BMC
Earth Brigade Foundation,"3Rd Floor, Shiv Ashish Commercial Complex, 305, 19Th Rd, Above Bata Showroom, Opp Starbucks, Chembur Gaothan, Chembur, Mumbai, Maharashtra",9820228605,Director@earthbrigadefoundati on.com,Skill development programs,false,Not working with BMC
Eco Echo,"Shiv Veer, Swami Samarth Temple Lane, Sector 5, Sector 8, Kandivali West, Mumbai, Maharashtra 400067",7977891228,echofoundation.india@gmail.co m,Animal Welfare - 1. Biodiversity Assessment Group,false,Not working with BMC
Educoindia,"Saibaba Path Sankul, Opp. Best Colony, Shri Sai Baba Marg, Near Finlay Mill, Lalbaug, Parel, Mumbai, Maharashtra 400012",9653452991,trainingcoordinator@educoindi a.org,Education,true,Education Department  F South Ward
Ekam Foundation Mumbai,"Mezzanine Floor, Dgp House, 88-C, Old Prabhadevi Road, Mumbai � 400 025",9619373702 / (022)35110860,ekameducationfund@gmail.co m admin@ekamfoundationmumb ai.org surgery.mumbai@gmai.com,Health - 1.Scholarships And Educational Awards 2.Child Rights And Welfare 3.Free Healthcare,true,Education Department  G South  & G North Ward
Emancipaction India Foundation,"Elysium Mansion, 7, Colaba Causeway, Walton Rd, Mumbai, 400001",7021019885,vandana@eaif-raah.org,"Health - To Make Mental Healthcare Accessible Across India Through School Curriculums,  Capacity Building Programs And Trauma Informed Care Counselling.",true,"Education,  A Ward"
Fazlani Aishabai And Haji Abdul Latif Charitable Trust,"2Nd Floor, Municipal School Building, Gate No: 14, J. J. Hospital Compound, Byculla, Mumbai � 400008",7710055883 / 2223735954,"shabir@aishabaitrust.com/imfo@aishabaitrust.com",Education And Training - 1. Education And Literacy 2. Vocational Training 3. Scholarships And Educational Awards,true,"Education Department  A, E &  G North Ward"
Forum For Autism,"Flat No. 1, Ground Floor, Sarabh House, Garden Lane, Off Colaba Causeway, Mumbai, Maharashtra 400039",9029018100,forumforautism@gmail.com,"Autism- Mental Health - Improving Facilities For Diagnosis,  Education,  Training And Rehabilitation of Person with ADHD",false,Not working with BMC
Foundation For Mother And Child Health,"Safed Pool, Tanaji Nagar, Sai Krupa Rahiwasi Society, Jarimari, Kurla West, Mumbai 400 072 Landmark: Shantidut Budhvihar, Buddhist Temple.",02225220085 /9101069135,contact@fmch-india.org,Provide mothers with expert guidance & nutritional information by working in communities and strengthening government systems.,false,Not working with BMC
Godavari Mahila Seva Sahakari Sanstha Maryadit,"Unit No. 30, Aarey Milk Colony, Goregaon (E), Mumbai: 400 065.",9322856639 / 9768279469,gdube371@gmail.com,"Financial inclusion, cooperative savings, women�s welfare",false,Not working with BMC
Going To School,"Bungalow No. 23, Aram Nagar Part 2, Near Ganesh Temple, J.P. Road, Versova, Andheri West, Mumbai 400061",9810621876,lisa@goingtoschool.com,Going To School Makes Design-Driven Stories To Equip Young People With The Enterprise Skills and Transition From School To Sustainable Enterprise.,true,Education Department  A to T Ward
Good Samaritan Mission,"177/2759 Group, No-8B, Tagore Nagar, Vikhroli, Mumbai, Maharashtra 400083",2225746118,samaritan94@gmail.com,Education And Training - 1. Education And Literacy,false,Not working with BMC
Goodshare Foundation,"1102, Panch Mahal, P Sristi Bld 5 Cts-11 28 To106 Powai Chandivali Rd , Mumbai, Maharashtra, India - 400072",9821231555,sourav_mitra@rediffmail.com & souravmitra1960@gmail.com,Impacting Children With Specialized Vocational Training. In Education Sector.,false,Not working with BMC
Gowd Saraswat Brahman Sabha Dahisar Borivali Charitable Trust,"Shanti Nagar, Near B23, Vithal Mandir, Dahisar (E)",9920266277 240174673,Not Specified,Community cultural programs Scholarships & educational support,false,Not working with BMC
Green Mumbai,A 1403 Runwal Elegente Lokhandwala        And  A7 Inlaks Nagar.  Yari Road Versova. Mumbai 400061,9821139317,pharmed_india@rediffmail.com,Making environmentally sustainable and climate-resilient environment.,true,"Road, Environment, Water and Health Department, K/W Ward"
Grok Learning Pvt Ltd,"Level 3, A-Wing, Amba Bhavan Plot No. 29, Sion Circle, Sion (West) Mumbai, Maharashtra 400022,",9324502127,jenice.kujur@grokstem.com,Scholarships & educational support,false,Not working with BMC
Habitat For Humanity,"3Rd Floor, Afl House, Lok Bharti Complex, Marol,Maroshi Rd, Andheri East, Mumbai, Maharashtra 400059",2267846836,info@hfhindia.org,"Housing - Work To Build Better Livelihoods Through Housing,  Microfinance Support, Sanitation,  And Disaster Risk Reduction.",false,Not working with BMC
Hamara Foundation,"Room No. 27, 1St Floor, Glider Lane Mumcipal School, Opp. Mumbai Central Railways Station, Off Bellasis Bridge, Mumbai, Maharashtra 400008",8689958432,hamarafoundation89@gmail.co m,"Healthcare Preventive And Curative, Nutrition,  Education Formal And Non Formal, Skills/ Vocational Training",true,"Education Department   D Ward, F South"
Harinagar Marleshwar Mahila Vasti Star Sangh,Hari Nagar Kashinath Bhaiya Chawal Jogeshwari East,9869338344,rajnanikavi@gmail.com,"Swachh Bharat Mission,  Education",true,"Ac Planning , K East"
Healing Mind,"10-B, Vinky Villa, 20th Road, Khar (W), Mumbai- 400052.",8591046126,healingmind02@gmail.com,Health - Mental Health,false,Not working with BMC
Hi 5 Youth Foundation,"Wing B2 - Unit 204, Kanakia Boomerang, Chandivali Farm Road, Andheri (E), Mumbai � 400072",9772233432,anshul@hi5youthfoundation.co m,"Empower Underprivileged Youth In Basketball,  Fostering Skill Development And Team Participation. Cultivate Excellence Through A Multi-Level Program,  Nurturing Success And Character. Instill Belief And Self-Confidence,  Enabling Children To Envision And Achieve Their Potential.",true,"Education Department Working With Bmc Sports Department  K East , P South, G South and TWard"
Hutama Rajaguru Seva Sahakari Sanstha Ltd,"Rambhau Bhogle Marg, Opp. Rani Baug, Byculla (E), Mumbai - 400027",9869308254,"chandrashekharakanade@gmail.com",Community cooperative activities,true,"SWM, Environment, Health and Maintainence Department,  E Ward & D Ward."
Ichars Support Foundation,"Address: Dlh Swakrut, Sahakar Nagar, Azad Nagar, Andheri West, Mumbai, Maharashtra 400053",8080208473,info@idaindia.org,Health - Mental Health,false,Not working with BMC
"Indian  Medical Association, Vasectomy  Center","Ima Mws Building, 2Nd Floor J.R. Mhatre Marg, Behind Chandan Cinema, J.V.P.D Scheme, Juhu, Mumbai, Maharashtra 400049",7506735383/ 8928348578,imamsmumbai@yahoo.co.in,"Improving Physical,  Mental,  Psychological And Social Health Of People",true,"Health Department , G South"
Indian Development Foundation,"L 10/ 3 And 4, Jal Ratan Deep, Bangure Nagar, Goregaon West, Mumbai, Maharashtra 400104",7400206574,connect@idf.org.in,Poverty Alleviation - 1. Health 2. Education 3. Women Empowerment And Development,true,"Health Department, Kwest"
Indian Development Foundation,"L 10/ 3 And 4 Jal Ratan Deep, Bangur Nagar, Goregaon West, Mumbai, Maharashtra 400104",7400206574,connect@idf.org.in,Health - 1.Proverty Alleviation 2.Healthcare 3.Community Development 4.Other Services,true,P South  Ward
Indian Development Foundation-Idf,"L 10 / 3 & 4 Jal Ratan Deep, Bangur Nagar, Goregaon (West), Mumbai 400104. Maharashtra, India.",74002 06574 / 85916 77781,connect@idf.org.in/ info@idf.org.in,"Community Development - To Improve The Quality Of Education Through Targeted Interventions Across Three Main Verticals. (A) Access To Education,  (B) Provision To Education,  And (C) Promotion Of Education.",true,P South  Ward
Innate Mind,"Divine Castle, 3Rd Floor, Sunita Kutir, Cross Rd No. 4, Liberty Garden, Malad West, Mumbai, Maharashtra 400064",9326825780,disha@innatemind.org,Health - Mental Health,false,Not working with BMC
Institute Of Social Service Chuim Community Centre Nirmala Nivas,"Pyari Nagar, Opp. Nagori Milk Centre, Khar Dhanda, Chuim Village Rd, Hanuman Nagar, Khar West, Mumbai, Maharashtra 400052",9167594235,chuimcommunitycentre@gmail. com,"Women Empowerment,  Healthcare, Vocational Training",false,Not working with BMC
Jagruti Vikas Bahuudeshya Sanstha Goregaon,"Plot No. 313, 3 Floor, Sra Chs, Bhoomi Building, Sanjay Nagar, Cama Estate, Valbhat Road, Goregaon (East), 600 063.",9867888028,jagrutivikasbs2019@gmail.com,Multi-purpose social development,false,Not working with BMC
Jamnalal Bajaj Foundation,"Bajaj Bhawan, 2Nd Floor, Jamnalal Bajaj Marg, 226, Nariman Point, Mumbai 400 021. India.",22-2202 3626/22- 6942 4200,info@jamnalalbajajfoundation. org,Community Development - 1.Healthcare And Education 2.Community Development 3.Art Cultural And Sports 4.Legacy,false,Not working with BMC
Jan Jagran Seva Sangh,"Room No. 289, Part- 3Ganesh Murti Nagar, Captain Prakash Pethe Marga, Colaba.",9920112624,singhbrijkumar1963@gmail.co m,"Community service, festivals, health camps, youth activities.",true,"SWM,  A Ward"
Jankalyansamajiksevasanstha,"517, Swami Vivekananda Chs 90 Fit Road Dharavi Mumbai 400 017",9820913533,bhandarianath1@gmail.com,Community & Social Welfare,true,"SWM, G/N Ward"
Jay Khodiyal Maa Seva Santha,"Garib Janta Nagar, Cup Parade, Captain Prakash Pethe Marga, Colaba",7400101444,nileshone123@gmail.com,Social & community welfare Religious and cultural activities,true,"SWM,  A Ward"
Jay Mahakali Mahila Mandal,"Laxmi Nagar, Chandramani Society, Link Road, Goregaon (West), Mumbai: 400 104.",9594089752 / 9167614754,jaimahakalim@yahoo.com,Women empowerment SHG activities & micro-savings,true,"SWM, P South"
Jetvan Seva Sangh,"Bhagatsingh Nagar No. 2, Shrirang Sable Marg, Link Road, Goregaon (West), Mumbai: 400 104.",9819576879 / 9867607000,raosahebghoderao9@gmail.co m,"Community service, festivals, health camps, youth activities.",false,Not working with BMC
Kailas Nagari Sahakari Sanstha,"Prem Nagar, S.V Road , Vileparle West",9372939809,mahadevmore921@gmail.com,Social Welfare,false,Not working with BMC
Kalalaya Nrithya Academy,"House Rd, Hsc, Om Cooperative Housing Society, 2A/002, Chandivali Farm Rd, Opp Sinhgad Institute, Chandivali, Powai, Mumbai, Maharashtra 400072",9870060522,knafoundation1@gmail.com,Art And Heritage,false,Not working with BMC
Kamla Sundaram Foundation [Ksf],"Plot No. 153, Road No. 9, Major Parmeshwaran Road, Opp. S.I.W.S College Gate No. 3, Wadala, Mumbai, Maharashtra 400031",9920241419,secretary.ajfle@gmail.com,(I) Early Detection And Prevention Of Ocular Comorbidities Related To Type 2 Diabetes Among Patients Undergoing Treatment For Dm In Mcgm Dispensaries; (Ii) Project Is Functional Since 2018. Program Was Not Working From March 2020 To 31St May 2021 Due To Covid-19 Related,true,Health Department
Kankali seva bhavi sanstha,Room No 20 Ashirwad Chs Sant Kakkayya Marg Dharavi Mumbai400417,9987986161,kankaliss 2011@gmail.com,Golden Hour Foundation,true,"SWM,  G/N Ward"
Kapadia Judo Club,"Tank Ln, Navin Nagar, Willingdon, Santacruz (West), Mumbai, Maharashtra 400054",9821519467,kapadiajudoclub@gmail.com,Nargis Dutt Foundation,true,"Education Department , H West"
Karunya Trust,"Bishop House, B/38, Iit P.O, Hanuman Road, Powai, Mumbai, Maharashtra 400076",8692877037 / 2225785515,karunyatrustkdsa@gmail.com,Education And Training - 1. Women Welfare 2. Vocational Training 3. Child Rights And Welfare 4. Poverty Alleviation,true,"Health Department  , S Ward"
Kasturi Mahila Seva Bhavi Sanstha,"B.I.T Chawl, Building No. 3/3, Keshavrao Khade Marg, Byculla, Mumbai � 400011, Maharashtra .",9820709008,Not Specified,SHG development Skill training for women,true,SWM
Kcrafting Lives,"201, 2Nd Floor, Dilkap Center Andheri Kurla, New Link Rd, Andheri East, Mumbai, Maharashtra 400072",8928752186,pandit.paulomi@gmail.com,Health - 1.Mental Health 2.Maternal Health,true,K East  Ward
Khaire Umad Trust,"B.I.T. Chawl, Imamwada Compound, Opp. Saboo Siddique Hospital, Mumbai, Maharashtra 400009",9221937753,ku.diagnosticcentre@gmail.com,"Diagnostic Centre,  Education Help,  Medical Help,  Women Empowerment,  Career Guidance Events.",true,Health Department  B (Social Welfare)
Kripa Foundation,"Address: 81/A Chapel Road Mt. Carmel Church, Bandra(W) Mumbai 400050.",9324692520,kripainquiry@gmail.com,Tata Memorial Centre,true,H West Ward (Women Empowerment)
Learning Links Foundation,"2nd Floor, Plot No.2, OCF Pocket, Sector C, Nelson Mandela Road, Vasant Kunj, Delhi",7030423708/9673379997,rupa.bhattacharya@learninglin ksindia.org,Education - To Foster Purpose And Progress By Unlocking Lifelong Learning.,true,Education Department
Leonard Cheshire Disability,"Bethlehem House, Opposite Canosa High School Behind Sacred Heart Church Mahakali Caves Road, Andheri East Mumbai-400093",2247489330,info.mumbai@chesireindia.org,Health - Disability Support,true,K East  Ward
Lions Club,"904 Swing Appartment, Marve Road, Malad West Mumbai 400064",9820652187,Not Specified,"Global service: health, education, environment, disaster relief",true,Health Department
Lion'S Club,"Trade Star, C-604, Andheri-Kurla Rd, Andheri East, Mumbai, Maharashtra 400059",9664935872,Not Specified,Health for Citizens.,true,"Health Department , T Ward"
Lions Clubs International Foundation India,"C � 604, Trade Star, Andheri Kurla Road, Andheri (E), Mumbai � 400059",2261217900,lcifindia@lionsclubs.org,Environment And Climate - 1. Environment Protection,true,Health Department
Lions Clubs International Foundation India,"C, Trade Star, 604, Andheri Kurla Rd, Bhim Nagar, Andheri East, Mumbai, Maharashtra 400059",2261217900,lcifsocial@lionsclubs.org,"Societal Benefits - 1. Other Societal Benefits-International 2. Environment Protection 3. Hunger,  Food Insecurity",true,Health Department
Lions Clubsinternational Foundation India,"C, Trade Star, 604, Andheri Kurla Rd, Bhim Nagar, Andheri East, Mumbai, Maharashtra 400059",2261217900,lcifsocial@lionsclubs.org,"Poverty Alleviation - Working For Community Development. Focuses On Hunger,  Childhood Cancer,  Vision,  Youth,  Disaster Relief, Humanitarians,  Diabetes And Health",true,Health Department
Little Angel Ashram,"Patil Wadi, Madh, Mumbai, Maharashtra 400061",9769327170,Not Specified,"Orphanages - Shelter,  Food And Education For Orphaned And Underprivileged Children",true,P North  Ward
Lokseva Samiti,"Bhagatsingh Nagar No. 1, Hanuman Galli, Link Road, Goregaon (W),Mumbai: 400 104.",9821711855 / 9833907684,subhashkharuse77@gmail.com,"Community service, festivals, health camps, youth activities.",true,SWM
M/S . Adarsh Berojgar Seva Sahkari Sanstha (Ltd.),Acharya Nagar C-Op Soc. Ltd Room No. 1016 Siddharth Colony Chembur,9892447919,adarshberojgar2012@gmail.co m,Employment facilitation Vocational/skill development,true,"Disaster Department,  M/W Ward"
M/S . Atdeep Bhav Berojgar Seva Sahakari Sanstha (Ltd.),Indira Nagar Sindhi Camp Chembur,9833123477,atadeepbhavberojgar@gmail.co m,Jobs & skill training Cooperative support for small entrepreneurs,true,"Disaster Department,  M/W Ward"
M/S . Bheem Shakti Mahila Mandal,"P.L Lokhande Marg,Dr. Babasaheb Ambedkar Pre Primary School Chembur",9967160097,bmmchembur@gmail.com,Women empowerment & leadership SHG savings activity,true,SWM
M/S . Utkarsh Nagri Seva Sahkari Sanstha,"Siddharth Colony Plot No.140,Budh Vihar Chembur",9594298923,deepaknirbhavne2017@gmail.c om,Cooperative banking / credit services Financial literacy,false,Not working with BMC
M/S . Yogita Mahila Seva Sanstha,"Bhim Nagar Rahiwashi Sangh, 7 No. Galli Siddharth Colony Chembur",8425964123,yogitamahilaseva sanstha @gmail.com,SHG activities / Women�s livelihood programs,false,Not working with BMC
M/S Devine Infratech,"C 901, Central Avenue Chs, Dr. Dadasaheb Bhadankar Marg, Mumbai Central, Mumbai - 400008.",8080607162 / 9004373733 / 9772598889,infrateckdivine@gmail.com,Social Welfare,true,Maintainence Department (P South Ward)
M/S Parivartan Berojgar Sevak Sahakari Sanstha,"Bdd.Chawl No. 86, Sane Guruji Maidan, Narayan Wakrikar Marg, Worli , Mumbai -400018",9892856026,parivartan2003@gmail.com,Social Welfare,true,SWM F South & F North
M/S Rashtriya Seva Mandal,"14/601 Shanti Niketan Co.Opp Society,Kannamvaar Nagar -1 Vikhroli East",9820731668,pradeepgamre07@gmail.com,National integration & social welfare Community development,true,"SWM Department,  C & E Ward"
M/S Saidham Sevabhavi Sanstha,"23/24 Bit Chawl, Madhavrav Gaangan Marg, Agripada,Mumbai-11",9820709008,saidhamss@yahoo.com,Social Welfare,true,SWM E Ward
M/S Sia Srushti Seva Sanstha,"Room No.09 ,80/H, Baithi Chawl, Chikhal Pada,  Mumbai Central, Mumbai -400008",9323811169,saisrushtisevasangha@gmail.co m,Social Welfare,false,Not working with BMC
Mahakali Mahila Mandal,"Hanuman Tekdi (Sai Nagar), Near Virvani Estate, Goregaon (East), Mumbai: 400 063.",8828484955 / 9004076677,mahakalimahila1@gmail.com,SHG / savings & credit Skill training for women,true,"Education Department, P South Ward"
Mahanagar Educational Charitable Trust,"703, Shreeram Chs, Building No. 3, Yashwant Nagar, Teen Dongri, Goregaon (W.), Mumbai: 400 104.",9987454598 / 7506761442,sagarbhadrike88@gmail.com,Education & social development,true,"SWM Department, P South Ward"
Mahatma Phulae Sahakari Sanstha,"Opp. Rani Baug, Byculla (E), Mumbai - 400027",9869308254,chandrashekarakanade@gmail. com,"Cooperative development, social welfare",true,"Health & Maintainence Department,  C & D Ward"
Mahila Shakti-Women Welfare,"Mahila Shakti Of South Mumbai, Mumbadevi Mandir, Cimpound Near Bmc Garden, Kamnath Chamber, Kalbadevi Road, Mumbai 400002",9892487573,info@mahilashakti.co.in,Poverty Alleviation - 1. Women Welfare,false,Not working with BMC
Majlis Law,"Golden Valley, Building No.4, Wing A 2/4, Sunder Nagar Rd No 1, Kolivery Village, Vidya Nagari, Kalina, Santacruz East, Mumbai, Maharashtra 400098",2226662394/8291162877 / 07506732641,majlislaw@gmail.com,Legal - Legal Aid - Legal & Social Support To Women And Children Victims Of Sexual And Domestic Violence.,false,Not working with BMC
Manav Foundation,"319,Tantia Jogani Industrial Premises, J.R. Boricha Marg, Sitaram Mill, Lowere Parel, Mumbai 400011",8355871716,info@manavfoundation.org.in,Education And Training - 1. Schizophrenia 2. Mental Health 3. Vocational Training,false,Not working with BMC
Mann,"Gate 1, 3/10 Yashwant Nagar, Goregaon West Opp Anmol Fortune F Wing, Mumbai, Maharashtra 400104",9819566439,info@mann.org.in,Health - Disability Support,true,"Education Department P South , D Ward , H East Ward"
Mansoori Manav Vikas Foundation,1St Floor Dr.Ambedkar Nagar Nav Pada Kurla Vidiya Vihar Road Kurla West Mumbai.400070,9323786883 / 8080014006,mansoorimvfoundation@gmail. com,Community Development - 1. Poverty Alleviation 2. Community Development,true,Health Department L Ward and M West
Marol Mahila Vasti Star Sangh,Near Marol Naka,9867395226,Not Specified,"Education,  Health",true,"Education, Health  Dept"
Mata Jakhama Sahakari Sanstha,Prem Nagar Chal Iarla Andheri West,9372939809,shivanandakadam220@gamil.c om,Social Welfare,false,Not working with BMC
Mba Foundation,"Vanrai 10/ J-1, S.R.A. Sahakari Gruhanirman, Sanstha Ltd, Room No. 1 And 3, Sangharsh Nagar Chandivali Farm Road, Andheri East, Mumbai, Maharashtra 400072",2227795994/ 2227795995/ 9619064801,lifecare.diabled@gmail.com,Health - 1.Disability Support 2.Vocational Training,false,Not working with BMC
Meerabra,"Backstage, Plot No. 612, 15th Road, Junction of Ramakrishna Mission Road, Santacruz West, Mumbai, Maharashtra 400054",8850924020,Not Specified,Social Welfare,false,Not working with BMC
Meghashrey Ngo,"Almeida Park Marg, Bandra West, Mumbai, Maharashtra 400050",9820033862,meghashrey.ngo@gmail.com,Uplift The Less Privileged Sections Of The Society,true,Education Department  A to T Ward
Meghraja Mahila Vasti Star Sangh,"6th Floor, New Safalya Building, 602, Kherwadi Rd, near Old Post Office, Khar (E, Kherwadi, Bandra East, Mumbai, Maharashtra 400051",8652059829,Not Specified,"Women Empowerment,  Livelihood",true,Education Department (P North Ward)
Meherroshani Foundation,"15, Building No.15, Maitri Chs, Azad Nagar 1, Azad Nagar, Andheri West, Mumbai, Maharashtra 400053",9820700821,info@meherroshanifoundation. org,Education And Training - 1. Education And Literacy. 2. Vocational Training,false,Not working with BMC
Mesco Trust,"1 And 2, Plot No 423, Landmark Building, Next To Johnson And Johnson, Near Saraswati Mandir School, Senapati Bapat Marg, Mahim(W), Mumbai, Maharashtra 400016",2224441442/2224 4448637,mescotrust@mescotrust.org,Education And Training - 1. Scholarships And Educational Awards 2. Poverty Alleviation 3. Education And Literacy.,false,Not working with BMC
Mpower -The Foundation,"1/155, 15, Nyaymurthi Sitaram Patkar Marg, Khareghat Colony, Hughes Road, Mumbai, Maharashtra 400007",9702800044,mpowermindes.info@abet.co.in,Health - Mental Health,true,Education Department D Ward
"Mukkamaar, Ishita Sharma Foundation","22-C, Sangini House, Aramnagar 1, Jp Road, Versova, Andheri West, Mumbai - 400061.",8017508964,ekmukkamaar@gmail.com,Our Vision Is �A World With Gender Equity�. It Is Our Mission To Build Agency In 25 Million Girls In India.,true,"Education Department, M East, N Ward, F North, RC , A, H East, L , K EAST, P North, P South Ward"
Muktangan Education Trust,"Muktangan Education Trust, I-11/12,Paragon Condominium, Pandurang Budhkar Marg, Worli, Mumbai-13",9819018103,deelipsatose@muktanganedu.o rg,"Education  - To Create An Inclusive And An Empowered World That Enables Everyone To Live In Harmony With A Right To Freedom Of Expression,  Respect And With Integrity.",true,Education Department  G South Ward
Mumbai City Boxing Association Mcba,"Uma Niwas, 27, Kashinath Dhuru Marg, Dadar West, Mumbai, Maharashtra 400028",09820059672 93223 27393,jaykowli@gmail.com / mumbaiboxing2004@gmail.co m,"Our Vision Is To Provide Quality Training Opportunity Of Olympic Sport Of Boxing To MCGM School Students At All 8 Zones Of Mumbai City also to Introduce these Young Girls & Boys to a Disciplined,  Healthy, Sporting Life & To Produce An Olympic Gold Medalist Boxer From our MCGM Schools Boxing Project.",true,Education Department   G North Ward
Mumbai Mobile Creches,"1St Floor, Abbas Building, Mereweather Road, Colaba, Mumbai, Maharashtra 400001",2222020869/2222 020879,contact@mmcmail.org.in,Education And Training - 1. Education And Literacy. 2. Community Development 3. Immigrants Of Refugees,false,Not working with BMC
Muskan Foundation,"15, Prashanti, Opp Mhada Building, Near Matoshree Bunglow, Kalanagar, Bandra East, Mumbai, Maharashtra 400051",2235643797/9930 386115,contact@muskanfoundation.or g.in,Education And Training - 1. Disability Support 2. Blind- Visually Impaired 3. Vocational Training,true,Education Department H East  Ward
My Mind Gains,"Shop No 17, Behind D Building, Balgovindas Society, Landmark: Opp Jain Temple, Near Starcity Cinema. Mahim (W), Mumbai - 400016",8850707156,mymindgains@gmail.com,Health - Mental Health,false,Not working with BMC
Myudaan Trust,"7Th Floor, Mafatlal Centre, Ramnath Goenka Marg, Nariman Point, Mumbai - 400021.",9224199501,vandanagoregaokar@gmail.co m,Quality Education For Underprivileged,true,Education Department   A and C Ward
Nanhi Pari Foundation,"Office No 101, First Floor M Block, Nanhi Pari Ngo, Ranjit Studio Compound, Dada Saheb Phalke Marg, Dadar East, Dadar, Mumbai, Maharashtra 400014",9987921222  /22- 40043236 / 96642 78673,taxcertificate@nanhiparifounda tion.org,Health - 1.Poverty Alleviation 2.Education And Career Guidance 3.Free Healthcare,false,Not working with BMC
Nanhi Pari Foundation,"Office No 101, First Floor, Block, Ranjit Studio Compound, Dadasaheb Phalke Road, Dadar East, Mumbai 400014",9664278673,info@nanhiparifoundation.org,Education And Training - 1. Poverty Alleviation 2. Education And Literacy 3. Free Healthcare,false,Not working with BMC
Nargisdutt Foundation,"Nargis Dutt Foundation, Sunrise Building, 2Nd Floor, 24Th Road, Off Linking Road, Bandra (W), Mumbai 400 050.",(022) 2600 4583,info@nargisduttfoundation.co m,"Health - 1.Rural Development 2.Free Healthcare -Runs 4 Programs Under Healthcare Initiative ,  Conducting Cancer Screening Camps, Providing For Cancer Patients,etc 3.Educatiuon And Literacy",false,Not working with BMC
Nargisdutt Foundation,"Nargis Dutt Foundation, Sunrise Building, 2Nd Floor, 24Th Road, Off Linking Road, Bandra (W), Mumbai 400 050.",2226004583,info@nargisduttfoundation.co m,"Community Development - Health,  Education And Rural Development,  Healthcare  Initiative,  Conducting Cancer Screening Camps,  Providing Support For Cancer Patients",false,Not working with BMC
Nari Shahar Samuh,"Gauri Shankar, Wadi No 1, Devi Krupa Society, Panth Nagar, Ghatkopar, Mumbai",9619293395,contact@narisamuhsakhi.com,"Livelihood,  Swatcch Bharat Mission,  Urban Homeless",true,Ac Planning  Women Empowerment  N Ward
"National Association For The Blind,Mumbai","Nab, 11-12 Khan Abdul Gaffar Khan Road, Worli Sea Face, Mumbai - 400030", 9372766313/9372766320,hsg@nabindia.info administration@nabindia.info,Health - Visually Impaired,false,Not working with BMC
Navdrushti,"Dr. Nagesh Tekale, Bliss �C� 302, Vasant Oscar Hsg. Soc, Lbs Marg, Mulund(W), Mumbai � 400 080",9869612531/022 25646879,ngonavdrushti@gmail.com,Health - 1.Free Eye Care 2.Vocational Training 3.Community Development,false,Not working with BMC
Navdurga Vasti Star Sangh,Not Specified,8355973473,Not Specified,"Swatcch Bharat Mission,  Health",false,Not working with BMC
Rangoonwala  Foundation,"102, Lions Pioneer High School, Bhau Daji Road, Matunga, Mumbai, Maharashtra 400019",7385098623 / 022- 24161110 /022- 24168746,niramayahealth@gmail.com,"Focuses On The Healthcare Of Children, Adolescent Girls And Woman In Reproductive Age Group,  Migrant Workers And Rag Pickers In The Dumping Ground",false,Not working with BMC
Om Abode,"Anand Niketan, King George V Memorial Project, Dr. E.Moses Rd, Mumbai, Maharashtra 400011",9372533562,enquiries@omabode.org,Education And Training - 1. Vocational Training,false,Not working with BMC
Om Abode,"Anand Niketan, King George V Memorial Project, Dr. E. Moses Road, Mumbai 400 011",9372533562,enquiries@omabode.org,Health - 1.Disability Support 2.Vocational Training,false,Not working with BMC
Om Creation Trust,"Anand Niketan, King George V Memorial, Dr. Elijah Moses Rd, Near To Kishav Ravkhadhi Rd, Mahalakshmi, Mumbai, Maharashtra 400011",8879211312,omcreationtrust@gmail.com,Poverty Alleviation - 1. Disability Support 2. Women Welfare,false,Not working with BMC
Omkar Seva Sangh (Reg),"Bounder Road,Mazgav Mumbai 400010.",9224774990,omkarsevasanghreg6079@gmai l.com,"Community service, festivals, health camps, youth activities.",true,"SWM,  E Ward"
Oscar Ngo,"104, 1St Floor Varma Chambers 11 Homji Street, Near Horniman Circle, Kala Ghoda, Fort, Mumbai, Maharashtra 400001",9967218287,info@oscar-foundation.org,"Education,  Sports",true,Health Department  A Ward
Our Children,"A1 And 2, 2Nd Floor, Everest, 156, Tardeo Road, Mumbai, Maharashtra 400034",2223523377,info@ourchildrenindia.org,"Orphanages - Education,  Teaching Life Skills And Mentoring Children",false,Not working with BMC
Palak Berojgar Seva Sahkari Sanstha Maryadit,"1, Shile Industies Udhyog Nagar, Near Kamat Club, Goregaon (W.), Mumbai: 400 062.",7666702257  / 8591518894,lalitmithe03@gmail.com,Employment & livelihood support Training and job linkage,true,SWM & Maintainence Department  (P South Ward)
Parents Association- Thalassemic Unit,"Vijay Chembers, 20A, Tribhuvan Road, Opp Dream Land Cinema, Grant Road East, Shapur Baug, Grant Road, Mumbai, Maharashtra 400004",2223855728,Not Specified,Health - Blood Diseases,false,Not working with BMC
Parisar Asha,"101-104, Dunhill Villa, Besant Street, Off S. V Road, Santa Cruz (West) Mumbai - 400054, India",9819816206,aarati.savur@parisarasha.com,"Our Mission Is To Provide A Joyful,  Holistic And Child Centric Quality Education Through The Environment, For The Environment,  That Will Empower Children To Be Creative, Sensitive & Successful Positive Global Citizens.",true,Education Department  H East Ward
Parkinsons Disease And Movements Disorder Society,"102, Parvati Industrial Premises, New Sun Mill Compound, Lower Parel West, Mumbai 400013",9987216057,pdmds.india@gmail.com,Health - 1.Parkinson'S 2.Healthcare 3.Other Services,false,Not working with BMC
Peta- People For The Ethical Treatment Of Animals India,"Plot No 127/16, Mhada Colony, Andheri West, Mumbai, Maharashtra 400061",022-40727382,info@petaindia.org,Animal Welfare - 1. Animal Welfare & Rescue,false,
Pi Jam Foundation,"Mantri Manor, B16, Lane Number 5, Suyojana Society, Kavadewadi, Koregaon Park, Pune, Maharashtra 411001",9820803677,pranjali.pathak@thepijam.org,Education,true,Education Department   (A To T Ward)
Poonam Mahila Seva Sahkari Sanstha Maryadit,"Jawahar Nagar Road No. 16, Plot No. 299, Goregaon (W), Mumbai: 400 062.",9892042331 / 9967873605,dubeypoonam36@gmail.com,"Financial inclusion, cooperative savings, women�s welfare",true,Education Department (Borivali and Malad)
Pragati Mahila Mandal,"Sundar Nagari Lala Nigam Road, Colaba",9221480263,sandhyagonsalves94@gmail.co m,"Financial inclusion, cooperative savings, women�s welfare",true,"Disaster Department,  A Ward"
Pragati Mahila Vikas Sanstha,"Room No 99, Parsi Chaala Kala Killa Dharavi Mumbai 400 017",9870812354,"pargtimahilavikassantha@gmail.com","Financial inclusion, cooperative savings, women�s welfare",true,"Disaster Department,  G/N Ward"
Pratham Mumbai Education Initiative,"Y.B.Chavan Center,4Th Floor, Gen. J. Bhosale Marg, Nariman Point, Mumbai, Maharashtra 400021",9619900168 / 2222819561,shilpa.backup@pratham.org info@pratham.org,Education And Training - 1. Education 2. Vocational Training 3. Employment And Career Guidance,true,Education Department
Prayatna,"Lady Of Lourdes Church, Orlem, Malad West, Mumbai, Maharashtra 400064",9702263970,info@prayatna-ngo.org.in,Poverty Alleviation - 1. Child Rights And Welfare 2. Women Welfare 3. Free Food Distribution,true,Education Department
Prerana Ngo,Not Specified,9594218769,Not Specified,Education & Skill Development,true,"Health Department ,  E Ward"
Prerna Sanstha,Not Specified,9821274865,Not Specified,Social Welfare,false,Not working with BMC
Priti Berojgar Seva Sahkari Sansth Maryadit,"C/13, Vivekanand Nagar, S.V. Road, Near Sant. John School, Goregaon (W.), Mumbai: 400 104.",9967152854 / 9702524756,priti.seva2010@gmail.com,Skill development / Job facilitation for unemployed persons,true,"SWM, Pest Control , A To T ward"
R D Sethna Scholarship Fund,"Esplanade House, 29 Hazarimal Somani Marg, Fort, Mumbai 400001",2222077044,rdsethnascholarship@gmail.co m,Education And Training - 1. Education And Litreacy,false,Not working with BMC
Raksha Foundation,"Unit No. 29, Ground Floor, Laxmi Woollen Mill Estate, Shakti Mills Ln, Off Dr. E. Moses Road, Mumbai, Maharashtra 400011",9082198551,Not Specified,Animal Welfare - 1. Sterilization Drive 2. Vaccination Drive,true,G South Ward
Ramai Seva Mandal,Geeta Nagar,9967240578,Not Specified,"Financial inclusion, cooperative savings, women�s welfare",true,"Disaster Department,  A Ward"
Rangoonwala Community Center,Not Specified, 9970348437 / 9833005603 / 9167241530,Not Specified,"Work With Communities,  Work On Health, Work With Youth,  Work On Capacity Building",true,Health Department  K East
Rangoonwala Community Centre,"Room No. 3, Usha Sadan, Opp. Ganesh Maidan, Anand Wadi, Malad East, Mumbai, Maharashtra 400097",9273077599 / 8425987058 / 9870504582 / 9833005603,rcc.anadwadi@gmail.com,"Work With Communities,  Work On Health, Work With Youth,  Work On Capacity Building",true,Health Department
Rangoonwala Community Centre,"Room No. 11, Sardar Niranjan Singh Chawl, Jogeshwari East, Mumbai, Maharashtra 400060",9833005603,rcc.shivtekdi@gmail.com,"Work With Communities,  Work On Health, Work With Youth,  Work On Capacity Building.",true,"Health Department  , P North, P South, R South , K East, K west."
Rangoonwala Foundation India Trust,"85, Atlanta, Nariman Point, Mumbai 400 021, India.",22-66612553,info@rangoonwala.org,"Community Development - 1) Vocational Training, 2) Community Development Education And Training - 1. Women Welfare 2. Human Trafficking 3. Vocational Training",true,"Health Department K East, K West, Malad E , Kandivali E , Goregaon, R South Ward"
Rawalnath Mahila Bachat Gat,"Shiv Hind Chawl, Jay Hind Mitra Mandal, Teen Dongri, Goregaon (W), Mumbai: 400 104.",9320644023 / 9967098847,sameer_khedekar4479@rediff mail.com,"Women empowerment, self-help savings, income generation.",false,Not working with BMC
Raww- Resqink Assosiation For Wildlife Welfare,"107 B Wing, The Nest, Asha Nagar, Mulund West, Mumbai, Maharashtra 400080",7666680202/9869 780202,raww.office@gmail.com,Animal Welfare - 1. Wildlife,false,Not working with BMC
Rotary Club Of Mhada,Not Specified,9820827891,Not Specified,Social Welfare & Community Development,false,Not working with BMC
Rubaroo Breaking Silences Foundation,"2Nd Floor/Room 7, Prem Baug, 218, 218, Sir Bhalchandra Rd, Matunga Central Railway Workshop, Mumbai, Maharashtra 400019, Indias",9769557878,rubarooindia@gmail.com,A Child Sexual Abuse Free Society For Happier And Safe Children.,false,Not working with BMC
Sahyogita Mahila Bachat Gat,"Sawant Chawl, Shivaji Nagar, Goregaon (E.), Mumbai: 400 065.",9323191920 / 7303553729,sanyogitagat@gmail.com,"Women empowerment, self-help savings, income generation.",false,Not working with BMC
Sai Connections,"Landmark Platinum Unit No 602, 6Th Floor, Plot No. 337/338 Corner Of Sv Road And 34Th Rd, Khar West, Mumbai, Maharashtra 400052",9137051989 /9137074707,samidha@saiconnections.com,"Autism- Mental Health - Autism Spectrum Disorder,  Adhd And Othe Learning Disabilities",true,"Education Department,  H West Ward"
Salaam Bombay Foundation,"Salaam Bombay Foundation 1St Floor, Nirmal Building, Nariman Point, Mumbai - 400021.",8452975583,narayan@salaambombay.org,"Keep Children In School By Empowering Them To Make The Right Choices About Their Health,  Education And Livelihood Thereby Ensuring That They Can Thrive With A Bright Future.",true,Education Department (Except Ward B & C . Working with all other BMC wards )
Salvation Army,"79A Sheikh Hafizuddin Marg, Byculla, Mumbai, Maharashtra 400008",9664279559,owt.mail@iwt.salvationarmy.or g,"Education And Vocational Training,  Helping The underpriviliged",false,Not working with BMC
Samarpan Charitable Trust (Heed India),"21, Unique Ind Estate, Vs Marg, Prabhadevi, Mumbai - 400025, Maharashtra, India",9820297333,info@heedindia.org,Provide Equal Opportunities To Everyone At The Grassroots Level Of Sports Programs.,true,"Education Department (Sports Department)  M East, Chembur, G North Ward"
Samarth Mahila Bachat Gat,"Kaushaliya Ramkaran Kevat Chawl, Kotkar Compound, Near Durian Industries, Goregaon (East), Mumbai: 400 063.",7506761442 / 9619295195,kevatsurekha@gmail.com,"Women empowerment, self-help savings, income generation.",false,Not working with BMC
Samiksha Berojgar Seva Sahkari Sanstha,"Koliwada Chowki,Near Masjid Bunder,",9594907467,ketankadam2011@gmail.com,Employment & vocational training Cooperative credit support,true,"SWM Department,  B  Ward"
Samruddhi Mahila Bachat Gat,"Room No 99, Parsi Chaala, Kala Killa Dharavi Mumbai 400 017",9870812354,samruddhimahilabachgat@gma il.com,"Women empowerment, self-help savings, income generation.",true,"SWM Department,  G/N Ward"
Sanctum Foundation,"Ground Floor, Godfrey Villa, Pali Market Road, Bandra West, Mumbai 400050",9324276361,info@sanctumfoundation.com,Health - Mental Health,false,Not working with BMC
Sandesh Berojgar Seva Sanstha,"Koliwada Chowki,Near Masjid Bunder,",9594907467,ketankadam2011@gmail.com,Job-oriented training / Youth empowerment,true,"SWM Department,  B  Ward"
Sanjog Nagrik Seva Sangh- Gorai,"28, Rsc Rd Number 11, Shri Ganeshkrupa Society, Sambhav Society, Gorai 2, Borivali West, Mumbai, Maharashtra 400092",9892931986,info@sajag.org,"Swachh Bharat Mission,  Education To Children,  Women Empowerment",true,SWM  RC Ward
Sanskrita Foundation,"Sri Samarth, Plot No.30 Rd No.4, Abhinav Nagar, Borivali East, Mumbai, Maharashtra 400066",9821628388,Not Specified,Art And Heritage - 1. Chitrangada 2. The Glimpse Of Indian Classic Dance 3. Mayurpankha,false,Not working with BMC
Sanskruti Berojgar Seva Sahakari Sanstha Mryadit,"Shinde Chawl, Room No. 6, Chincholi Vitthal Pada, N.B. Road, Malad (W.), Mumbai: 400 064.",8879002567  / 9619966911,sanskrutiberojgar123@gmail.co m,Employment & livelihood generation / Cooperative micro-finance,false,Not working with BMC
Sanskruti Mahila Seva Sahkari Sanstha Maryadit,"Room No. 15, Near Satyvan Niwas, A-1 Bekary, Hanuman Nagar, Goregaon (West), Mumbai: 400 104.",9967346171 / 9820287253,sanskrutimahilaseva@gmail.co m,"Financial inclusion, cooperative savings, women�s welfare",false,Not working with BMC
Santosh Institute For Mentally Challenged And Autistic Children,"Bandra, Mumbai, India, Maharashtra",9820687976,santoshinstitute@yahoo.com,Health - 1.Autism 2.Mental Health,false,Not working with BMC
Santosh Institute For Mentally Challenged And Autistic Children,"Road No 13, Shrikanth Hadkar Marg, Abhudaya Nagar, Kalachowki, Chatai Chawl, Parel, Mumbai, Maharashtra 400033",9820687976,Not Specified,Autism- Mental Health,false,Not working with BMC
Save Our Strays,"Khandelwal Apartment, 17Th Rd,Khar, Krishna Nagar, Khar West, Mumbai, Maharashtra 400052",9820141310,saveourstraysmum@gmail.com,Animal Welfare - 1. Animal Welfare & Rescue,false,Not working with BMC
Save The Child,"Sg9, G Block, Adjacent To American School Of Bombay, Bandra-Kurla Complex, Bandra East, Mumbai, Maharashtra 400098",7208350369,info@viplafoundation.org,"Special Care Centre,  Education,  Combatting Trafficking",true,Health Department  N Ward
Shanti Vasti Star Sangh,"B/J Jabet Chawl Room No. 3,Kirole Village,Vidyavihar West,Near Gaondevi Mandir",8879515591,anujadavande@gmail.com,Swacch Bharat Mission,true,"Ac Planning , N Ward"
Sherry And Divya Foundation,"1St Ln, Near Pujari Building, Nav Jeevan Society, Siddharth Nagar, Kamathipura, Mumbai, Maharashtra 400008",18001231137,Not Specified,Animal Welfare - 1. Promote Veganism And Educate People On Providing A Better Environment For Animals 2. Prevention Of Towards Animals.,false,Not working with BMC
Shikshaseva Foundation,"Hari Om Plaza, A/124, Mahatma Gandhi Rd, Near Omkareshwar Temple, Sukarwadi, Borivali East, Mumbai, Maharashtra 400066",9892973412 / 9029001618,info@shikshaseva.org,Education And Training - 1. Education And Literacy 2. Women Welfare 3. Child Rights And Welfare Poverty Alleviation - 1. Education And Literacy 2. Child Rights And Welfare,false,Not working with BMC
Shradhanand Mahila Ashram,"The Hindu Womens Welfare Society, Plot 424, Shradhanand Cross Rd, Brhmanwada, Matunga East, Mumbai, Maharashtra 400019",2268525655,Not Specified,"Shelter, welfare of vulnerable women",true,Health Department  F North
Shravani Nagarik Seva Sahkarya Sanstha.,"Room No. 27, Indira Nagar Chandramani Seva Sangh, Link Road, Goregaon (W.), Mumbai: 400 104.",9821330041  / 8898140552,shrawanisanstha22@gmail.com,Focuses on various Community Services.,false,Not working with BMC
"Shree Kutchhi Lohana Seva Mandal Rambaug, Rambaug Lane, Matunga (R), Mumbai  - 19","Shree Kutchhi Lohana Seva Mandal Rambaugh, Rambaugh Lane, Opp. Laxmi Narayan Mandir, Matunga East",9821936688 / 8879811050 / 9833987360,bjpward174@gmail.com,"Community welfare, education, cultural activities",false,Not working with BMC
Shree Mataji Mahila Bachat Gat,"Bhagatsingh Nagar No. 1, Hanuman Galli No. 7, Link Road, Goregaon (West), Mumbai: 400 104.",8433945991 / 8369571508,shreemataji703@gmail.com,"Women empowerment, self-help savings, income generation.",true,"SWM, P South Ward"
Shree Siddhivinayak,"88, Siddharth Nagar, Opp. Purnima Bldg., S N Road, Mulund West, Mum. No. 80",9820997772,farooqsaiyed546@gmail.com,Religious & community services,false,Not working with BMC
Shree Siddhivinayak Ganapati Temple Trust,"S.K. Bole Marg, Prabhadevi, Mumbai 400028",2262491111,info@siddhivinayak.org,"Community Development - Healthcare, Community Development,  Hinduism",true,"Health Department, G South Ward"
Shri Balaji Berojgar Seva Sahakari Sanstha (Ltd),Not Specified,9820709008,Not Specified,Skill training Entrepreneurship promotion,true,"SWM,  E  Ward"
Shri Gouri Pratishthan,"59 Dr. Babasaheb Ambedkar Nagar,Sadu T.L Vasvani Marg, Cup Parade",8652807550,chorgepriya1515@gmail.com,"Community service, festivals, health camps, youth activities.",true,"SWM, A Ward"
Shri Omkar Seva Sahakari Sanstha (Ltd),"845, Shivneri Building, Mumbai - 400011",9821107839,shriomkarseva@gmail.com,Cooperative services Community welfare initiatives,true,"SWM,   E  Ward"
Shrimad Rajchandra Aatma Tatva Research Centre,"702 Sharda Chambers, 15 New Marine Lines, Mumbai 400020",9920019903,info@vitraagvigyaan.org,Education And Training - 1. Women Welfare 2. Education And Literacy 3. Free Healthcare,false,Not working with BMC
Sidhhesh Berojgar Seva Sahkari Sanstha,"Koliwada Chowki,Near Masjid Bunder,",9594907467,ketankadam2011@gmail.com,Job skills programs Micro-enterprise support,true,"SWM,   B  Ward"
Sneha,"Allied C0-Op Housing Society, Ground Floor, St. John Street, Off Pali Road, Near Learners Academy, Bandra West, Mumbai, Maharashtra 400050",8779652801,communications@snehamumb ai.org,"Maternal And Child Health,  Public System Partnership,  Empowerment,  Health And Sexuality Of Adolescents,  Prevention Of Violence Against Women And Children",true,"Health Department  , A to T ward"
Sneha Group,"Room No. 11, Plot No. 22, New Collector Compound, Gate 06, Near Murgan Mandir, Malwani, Malad West, Mumbai, Maharashtra 400095",9273077599 / 8425987058,Not Specified,Social Welfare,true,Health Department  R South Ward
Sneha Ngo,"310, 3rd Floor, Urban Health Center, 60 Feet Road, Dharavi, Mumbai 400 017.",8655500640,Not Specified,Social Welfare,true,"Health Department , L, N, P North, P South, M East, K East, R South, G North, E Ward"
Sneha Ngo,"K.E.M Hospital, Near Ward No.1, Ground Floor, Parel, Mumbai, Maharashtra 400012",8779652801,Not Specified,"Maternal And Child Health,  Public System Partnership,  Empowerment,  Health And Sexuality Of Adolescents,  Prevention Of Violence Against Women And Children",true,"Health Department , L, N, P North, P South, M East, K East, R South, G North, E Ward"
Sneha Ngo,"Opp Noorani Masjid, 2Nd Floor Sneha Centre, Dr. Zakir Hussain Nagar, Govandi West, Mumbai, Maharashtra 400043",9004788609,Not Specified,"Maternal And Child Health,  Public System Partnership,  Empowerment,  Health And Sexuality Of Adolescents,  Prevention Of Violence Against Women And Children",true,"Health Department , L, N, P North, P South, M East, K East, R South, G North, E Ward"
"Society For Nutrition, Education And Health Action","Mumbai, Behind Building No. 11, Bmc Colony, Shastri Nagar, Santa Cruz West, Mumbai 400054",9920199188,communications@snehamumb ai.org,Health - 1.Preventive And Promotive Healthcare With Special Focus On Vulnerable Women And Children -Maternal & Child Health 2.Prevention Of Violence Against Women And Children,true,"Health Department, F North, F South, L & M East Ward"
Soniya Mahila Bachat Gat,Room No 99 Parsi Chaala Kala Killa Dharavi Mumbai 400 017,9870812354,soniyamahilabachatgat@gmail. com,"Women empowerment, self-help savings, income generation.",true,"SWM Department,  G/N Ward"
Sparsha Charitable Trust,"C-1, Shram Shakti,Room No 116, Wadala Truck Terminal, Next To Wadala Tt Police Station, Mumbai 400037",9223290796,sparshatrust@hotmail.com,Education And Training - 1. Community Development 2. Education And Literacy 3. Free Healthcare,true,Education Department - M East Ward &  Health Department F North Ward
Sparsha Charitable Trust,"C-1, Shram Shakti, Room No 116 Wadala Truck Terminal, Next To Wadala Tt Police Station, Wadala",9223290796/ 9821075442,sparshatrust@hotmail.com / sa nskar_child@hotmail.com,Community Development - 1.Education 2.Health 3.Community Development,true,Education Department - F North Ward
Spedathome,"6, Margaret House, S.M. Dargah Road, Wadala, Mumbai, Maharashtra 400037",8591278195,support@spedathome.com,"Health - 1.Autism 2.Disability Support Mental Health - Educational Assessment, Occupational Therapy Assessment,  Remedial Therapy,  Occupational Therapy",false,Not working with BMC
Sterlite Edindia Foundation,"Foundation Office Address: B-607, Damji Shamji Corporate Square, Mellville Estate, Off. Ghatkopar Andheri Link Road, Ghatkopar (E), Mumbai 400 075",8169964177,aniket.naik@edindia.org / varun.bhamre@edindia.org,Every Child In The Country Has Access To Quality Education,true,Education Department  A to T Ward
Sunrise Foundation,"114, Room No.7, 3Rd Floor, Barkatali Virani Marg, Post Office Mumbai Central H.O Mumbai, Maharashtra, India, Pin Code 400 008.",9819529977,foundationsunrise@yahoo.com,Education,true,"Education Department , B , D, E & F South Ward."
Support- Society Undertaking Poor People'S Onus For Rehabilation,"3Rd Floor, Manthan Plaza, Vakola Market, Nehru Road, Santacruz (East), Mumbai - 400055, India.",8928846639 22-26652904 / 26653045 / 26662806,"support@supportstreetchildren.org",& Awareness 2.De-Addiction 3.Rehabilitation 4.Education 5.Skill Training 6.Ansh Community Kitchen,false,Not working with BMC
Swachhata Samvardhan Mahasangh,"Savitribai Phule Mahila Mandal Kokan, Vaibhav Chawl, Kamraj Nagar, Vasantrao Naik Marg, Ghatkopar (East), Mumbai 400077.",9821240320,care@sssms.in,"Upkeep of Public And Community Toilets, Integrated Solid Waste Management Services, Road Sweeping And Cleanliness Services, Supply Of Maid Servants,  Training And Capacity Building",true,"Swm Department,  M East"
Swagat Ashram,"Behind St Anthony Malvani Church, Chickuwadi Lane, Marve Road, Malad West, Mumbai 400100",2264223371 / 9224453599,swagatashram@yahoo.com.in,Housing - 1. Orphanages 2. Child Rights And Welfare 3. Shelter Homes And Homelessness,false,Not working with BMC
Swanath Foundationn,"102 Dev Darshan Annex, 50, Ridge Rd, Walkeshwar, Malabar Hill, Mumbai, Maharashtra 400006",9850696663,info@swanath.org,Orphanages -  Orphanages,false,Not working with BMC
Swara Mahila Bachat Gat.,"Gm-18, Jay Hind Mitra Mandal, Teen Dongri, Goregaon (W), Mumbai: 400 104.",9320644023  / 9967098847,prachisurve9999@gmail.com,Women's Self-Help Group (SHG),false,Not working with BMC
Swaranjali Vasti Star Sangh,Not Specified,9773702425,Not Specified,Swacch Bharat Mission,true,"SWM, Health Department"
Talk To Me,"104/7-C, Udyog Mandir 1 Pitamber Lane, Mahim West, Mumbai 400016",7400157640,info@talktome.co.in,Health - Mental Health,true,G/N  Ward
Tata Memorial Centre,"Dr. E Borges Road, Parel, Mumbai - 400 012",2224177000,hrd@tmc.gov.in,Health - 1.Cancer Care 2.Healthcare 3.Other Services,true,F South Ward
Tata Motors Limited - Csr,"Tata Motors A Block, Shivasagar Estate, Dr. Annie Besant Road, Worli, Mumbai - 400 018",9820067059,abb534153@tatamotors.com,"Driving Positive Change By Working With Communities Involves Collaborating, Listening And Understanding their Needs. It Fosters Inclusive Decision-Making,  Builds Trust And Promotes Shared Ownership. Through Active Engagement,  We Are Creating Positive Social Impact,  Empowering Individuals And Contributing To The Well-Being And Development Of Local Communities.",true,Education Department   A to T Ward
Teach For India,"Godrej One, 2Nd Floor, Pirojshanagar, Eastern Express Highway, Vikhroli (East), Mumbai, Maharashtra - 400079",9004482076,tushar.thakur@teachforindia.or g,Education for children.,true,"Education Department  G South, P North, N, M West, H East, M West,  K West & L Ward"
Team Vision Foundation,"40B, First Floor, Kamgar Nagar, Behind Bmc School, Near Nandikeshwar Temple, Kurla East, Pincode: 400024",9372851841,info@teamvision.co.in,Health - 1.Blind-Visually Impaired 2.Disability Support 3.Employment And Career Guidance,false,Not working with BMC
Tejasvi Mahila Bachat Gat,"Aarey Colony, Unit No. 32, Ekta Nagar,  Goregaon (East), Mumbai: 400 065.",9920523644 / 95943894223,vishalivijaybhosale84@gmail.co m,"Women empowerment, self-help savings, income generation.",false,Not working with BMC
The Akansha Foundation,"Voltas House, C Block, T B Kadam Marg, Chinchpokli, Mumbai, Maharashtra 400033",2223700253,marketing@akansha.org,Education And Training - 1. Education And Literacy,false,Not working with BMC
The Autism Clinic,"603 B Wing, Aurus Chambers, Ss Amrutwar Marg, Behind Mahindra Towers, Worli, Mumbai 400013",7021775664,contact@theautismclinic.in,"Autism- Mental Health - Provides Evidence Based,  Developmentally Appropriate Services With A Focus On Verbal Behaviour To Children With Autism Between 2-10 Years Of Age",false,Not working with BMC
The Humsafar Trust,"3Rd Floor, Manthan Plaza, Nehru Rd, Vakola, Santacruz East, Mumbai, Maharashtra 400055",9892940966,info@humsafar.org,"Education And Training - 1. Capacity Building And Training 2. Lgbt Rights And Welfare - Provides Legal Support,  Crisis Management,  Mental Health, Nutrition Counselling To Its Communities, Public Healthcare",false,Not working with BMC
The J N Tata Endownment For The Higher Education Of Indians,"Mulla House, Fort, Mumbai, Mahrashtra 400001",22- 66657774,jnte@tatatrusts.org,Education And Training - 1. Education And Literacy 2. Vocational Training 3. Scholarship And Educational Awards,false,Not working with BMC
The Nest India,"Inside Khader Chawl, Behind Police Camp, Marol Maroshi Road, Vijay Nagar, Andheri East, Mumbai, Maharashtra 400059",9820140676/ 9819761300,info@thenestindia.com,"Orphanages - Shelter,  Food And Education For Orphaned Children",false,Not working with BMC
The Opentree Foundation-Toybank,"The Opentree Foundation, Unit 308, Jagruti Industrial Premises, Vsnl Colony, Opposite Polycab, Mogul Lane, Mahim, Mumbai � 400016",9699560288,mail@toybank.org,Education,true,"Education Department A, B, D, E. F North, F South, G North ,  K East, K West, M West, N , P North, P South, RC R South, S & T Ward"
The Vatsalya Foundation,"Anand Niketan, King, George V Memorial, Dr. E. Moses Rd, Mahalaxmi West, Mumbai, Maharashtra 400011",9324989743,info@thevatsalyafoundation.or g,Education And Training - 1. Education And Literacy 2. Vocational Training 3. Women Welfare,false,Not working with BMC
The Welfare Of Stray Dogs,"Jamnadas Prabhudas Chawl, Adarsh Nagar, Lower Parel, Mumbai, Maharashtra 400013",9819593335/ 8976022838,wsdindia@gmail.com,Animal Welfare - 1. Mass Sterilization 2. Rabies Eradication 3. Healthcare 4. Adoption 5. Education & Awareness,false,Not working with BMC
The Wishing Factory,"05, Ground Floor, Hind Service Industrial Estate, Dadar West, Shivaji Park, Near Chaitya Bhumi, Mumbai - 400028",8657391068,support@thewishingfactory.org,Health - Blood Diseases,false,Not working with BMC
The Yoga Institute,"Shri, Yogendra Marg, Prabhat Colony, Santacruz East, Mumbai, Maharashtra 400055",8879955000,pranee@theyogainstitute.org,"Promoting The Timeless Yet Scientifically Grounded Principles Of Yoga With A Mission To Foster Yoga As A Holistic Lifestyle Choice Accessible To All,  Fostering Wellness Across Diverse Communities.",true,Education Department   H East Ward
Think Foundation / Live Blood Council,"Think Foundation, A-101, Valmiki Apartments, Sunder Nagar, Kalina, Santacruz (East), Mumbai 400 098.",9820146448,vinay@thinkfoundation.org,Health - 1.Blood Diseases 2.Healthcare 3.Other Services,true,Health Department
Think Sharp Foundation,"Flat No. 1401, Building No. 4B, Dreams Complex, Lbs Rd, Bhandup West, Mumbai, Maharashtra 400078",9892742011,info@thinksharpfoundation.org,Education And Training - 1. Education And Literacy - Bridging Urban- Rural Education Divide,false,Not working with BMC
Toghether Foundation,"Shop No. 12,13,14, Poonam Kirti Chs, Poonam Nagar, Andheri East, Mumbai, Maharashtra 400083",7021184634,info@togetherfoundationtrust. org,"Autism- Mental Health - Online Teaching Program,  Language And Communication, Alternative And Augmentative Communication,  Talktime,  Phone Program, Bakery,  The Shop,  Paper Plate,  Paper Bag, Personal Hygiene.",false,Not working with BMC
Trimurti Mitr Mandal,Ramabai Colony Nikam Chaul P.L Lokhande Marg,8286263667,Not Specified,"Community service, festivals, health camps, youth activities.",false,Not working with BMC
Triratna Prerna Mandal,"Tps/6 Triratna Bhavan, Santacruz West, Mumbai, Maharashtra 400054",9867580635,Not Specified,"Poverty,  Civic Issues,  Education,  Helping Women,  Children",true,"SWM Department, H East , H West, P South, F South, G North, M East, M West"
True Wings Foundation,"Banglow No.83, Charkop,Sector 1, Kandivali ( W)., Mumbai - 400 067.",8108591151 / 9870276035,truewingsfoundation@gmail.co m,Health - Drug Addiction Recovery And Support Center,false,Not working with BMC
Try Foundation,"B/41, Naik Nagar, L.B.S Rd, Near Sion Railway Station, Sion West, Mumbai, Maharashtra 400022",9833874363/ 9819567566,info@tryfoundations.com,Education And Training - 1. Orphanages 2. Education And Literacy 3. Senior Citizens Care-Old Age Homes,false,Not working with BMC
Tweet Foundation,"12, Rd No. 2, Teen Dongari, Yashwant Nagar, Goregaon West, Mumbai, Maharashtra 400104",9953911270,support@tweetindia.in,Education And Training - 1. LGBT Rights And Welfare 2. Shelter Homes And Homelessness 3. Capacity Building And Training,false,Not working with BMC
Udaan India Foundation,"Udaan India Foundation, A Wing, Unit No 306, Building No 2, Kailas Industrial Complex, Veer Sawarkar Marg, Parksite Vikhroli West, Mumbai - 400079",9987280883,"sushree@udaanindiafoundation.org",Every Child Educated And Equipped With Equal Opportunities To Transform Their Lives,true,"Education Department, S Ward"
Ujjawal Seva Sanstha,"Rajaram Gali, B-12, Link Road, Bhagatsingh Nagar No. 02, Goregaon (West), Mumbai: 400 104.",8424010606/ 7208189886,ujwala072@gmail.com,"Community service, festivals, health camps, youth activities.",true,"SWM Department, P South Ward"
Ummeed Child Development Center,"Ground Floor, Mantri Pride 1-B, 1/62, N.M. Joshi Marg, Subhash Nagar, Lower Parel, Mumbai 400 011",09819406723 2262488100,sajida.vadgama@ummeed.org,Health -  Disability Support,true,"Education Department  E ,F South, N Ward"
Universal Animal Welfare Society,"Chikku Wadi Rd, Malad, Chikuwadi, Malad West, Mumbai, Maharashtra 400095",9673195559,universalanimalwelfare@gmail. com,"Animal Welfare - 1. Spaying And Castration 2.Vaccination 3. Feeding For Strays 4. OPD,  IPD 5. Rescue,  Rehabilitation And Release",true,"GM Deonar Abbatoir, M West Ward"
Urmi Foundation,"156, Zakeria, Bandar Road, Dock Labour Colony, Abhyudaya Nagar, Parel, Mumbai, Maharashtra 400015",9152004790,urmi.ngo@gmail.com,"Inclusion Of Individuals With Disabilities In The Society Through Education,  Therapy, Capacity Building And Policy Support.",true,"Education Department  , L,  F South, N , M Easr, F/North Ward"
Urmi Foundation,"156, Zakeria, Bandar Road, Dock Labour Colony, Abhyudaya Nagar, Parel, Mumbai, Maharashtra 400015",9152004790,urmi.ngo@gmail.com,Health - 1.Disability Support 2.Special Education,true,"Education Department  , L,  F South, N , M Easr, F/North Ward"
Utkarsh Global Foundation,"Corporate Office No.402-407, 4Th Floor, Vasudev Chambers, Near Sonapur Signal, Opp Dmart, Mulund West,Mumbai- 400078",9870923938,info@utkarshglobalfoundation. org,Animal Welfare - 1. Veterinary Care 2. Daily Feeding Drives 3. Abc (Sterilization & Vaccination) 4. Awareness To End Human-Animal Conflicts,true,T  Ward
V Care Foundation,"A-102, Om Residency, J.W. Road, Near Tata Memorial, Hospital, Opp. Bhoiwada Court, Parel, Mumbai, Maharashtra 400012",9821949401/ 9821949402,admin@vcarecancer.org,Health - 1.Cancer Care 2.Patient Welfare Societies,true,Education and Health Department A to T Ward
Vaishnavi Mahila Mandal,"Rm-12, Chandramani Seva Sangh, Indra Nagar, Link Road, Goregaon (W.), Mumbai: 400 104.",9821483727 / 9833656591,vaishnavimahilamandal1@gmai l.com,Women�s SHG activities Skill development & small enterprise,false,Not working with BMC
Vatsalya Mahila Vikas Mandal,"Room No. 10, Joshi Chawl, Hanuman Nagar (Ram Nagar), Bandrekarwadi, Jogeshwari (East), Mumbai: 400 060.",9819467889,vatsalyamandal@gmail.com,Women�s development & empowerment Education and health awareness.,true,"SWM Department, P/South"
Vatsalya Trust,"Near Kanjurmarg Police Station, Kanjurmarg East, Mumbai, Maharashtra 400042",9892212728 2225782958,admin@vatsalyatrustmumbai.o rg,"Services For Adoption,  Orphanages,  Old Age Home,  Care Of Destitute Girls,  Education, Skill Development Programs For Youth Poverty Alleviation - 1. Orphanages 2. Senior Citizens Care 3. Women Welfare",true,Health Department  S Ward
Vidya,"Gurukrupa, Room No. 10, Hare Krishna Road, Opp. Konark Bldg, Iit Market, Powai, Mumbai, Maharashtra 400076",9833850896,mumbai@vidya-india.org,"Education Through Schools,  Collaborations And Community Programs",true,SWM Department S Ward
Vijay Krida Mandal,"Sai Hill, Tembipada Rd, Kranti Nagar, Bhandup West, Mumbai, Maharashtra 400078",9833158944,Not Specified,"Day-Night Ambualnace Service,  Healthcare, General Library,  Education For Children.",true,Health Department  N & S Ward
Vision Foundation Of India,"Film Centre Building, Ground Floor, 68 Tardeo Road, Mumbai 400034",22-35434662,eyecare@visionfoundationofind ia.in,Health - Free Eye Care,false,Not working with BMC
Vision Rescue,"18 1/1, Near Jothiba Phule Hospital Kannamwar Nagar, Vikhroli East Mumbai � 400083 Maharashtra, India",7738837775 8104582450,"secu@visionrescue.co.in . moses.nirmal@visionrescue.co.i ninfo@visionrescue.co.in","Empowering People To Find Their Purpose, Enjoy Their Rights,  And Live With Dignity. Education,  Support Services For The Child, Family And Community",true,Health & Education Department Working M/East & S Ward
Wildlife Conservation Trust,"Wildlife Conservation Trust, 1103, 11Th Floor ,P.J.Tower, Bombay Stock Exchange Building, Dalal Street, Fort, Mumbai-400001",2249255555,info@wctindia.org,Animal Welfare - 1. Reinforcing Protection 2.Human Wildlife Interface Management 3.Wildlife Population Estimation 4. Enforcement 5.Connectivity Conservation 6. Canine-Assisted Wildlife Investigation Programme,true,A Ward
Wit- Womens India Trust,"110-111, New Udyog Mandir, No. 2, 1St Floor, Mogul Lane, Behind Johnson And Johnson, Mahim West, Mumbai, Maharashtra 400016",9819482567/2235698308,witadministration@wit.org.in/ witmahim@gmail.com,Poverty Alleviation - 1. Women Welfare 2. Vocational Training,false,Not working with BMC
Womens India Trust,"110-111, New Udyog Mandir, No. 2, 1St Floor, Mogul Lane, Behind Johnson And Johnson, Mahim West, Mumbai, Maharashtra 400016",9819482567/2235698308,witadministration@wit.org.in/ witmahim@gmail.com,Poverty Alleviation - 1. Women Rights And Women Welfare 2. Vocational Training,false,Not working with BMC
Wri (World Resources Institute),"1St Floor, Godrej And Boyce Premises, Gas Works Lane, Lalbaug, Parel, Mumbai 400012",9930574421,info@wri.org,"Is A Global Research Organization That Turns Big Ideas Into Action At The Nexus Of Environment,  Economic Opportunity And Human Well-Being.",false,Not working with BMC
Yuva Parivartan,"Parishramalaya, Teen Bunglow Rd, Opp Kherwadi Municipal School, Kherwadi, Bandra East, Mumbai, Maharashtra 400051",8828170103,info@yuvaparivartan.org,Education And Training - 1. Youth Welfare 2. Entrepreneurship & Collaboration 3. Vocational Training,false,Not working with BMC
Yuvak Biradari,"Yuvak Biradari (Bharat) Hazarimal Somani Marg, Fort, Mumbai - 400 001. India",9321127071,info@biradari.org,Community Development - 1.Education 2.Livelihood 3.Community Development 4.Environment 5.Art Culture Heritage,false,Not working with BMC
Demo NGO,"Demo NGO,SFIT,Mumbai",8369456550,anishdesai2107@gmail.com,Timepass Testing,false,Not working with BMC